-- phpMyAdmin SQL Dump
-- version 4.7.4
-- https://www.phpmyadmin.net/
--
-- Host: 127.0.0.1
-- Generation Time: Dec 21, 2019 at 10:20 AM
-- Server version: 10.1.30-MariaDB
-- PHP Version: 5.6.33

SET SQL_MODE = "NO_AUTO_VALUE_ON_ZERO";
SET AUTOCOMMIT = 0;
START TRANSACTION;
SET time_zone = "+00:00";


/*!40101 SET @OLD_CHARACTER_SET_CLIENT=@@CHARACTER_SET_CLIENT */;
/*!40101 SET @OLD_CHARACTER_SET_RESULTS=@@CHARACTER_SET_RESULTS */;
/*!40101 SET @OLD_COLLATION_CONNECTION=@@COLLATION_CONNECTION */;
/*!40101 SET NAMES utf8mb4 */;

--
-- Database: `attendance_system`
--

-- --------------------------------------------------------

--
-- Table structure for table `attendance`
--

CREATE TABLE `attendance` (
  `studentId` varchar(25) NOT NULL,
  `lessonId` int(11) NOT NULL,
  `participated` int(10) DEFAULT NULL,
  `late` int(10) DEFAULT NULL
) ENGINE=InnoDB DEFAULT CHARSET=utf8;

--
-- Dumping data for table `attendance`
--

INSERT INTO `attendance` (`studentId`, `lessonId`, `participated`, `late`) VALUES
('180000001', 1, 120, 0),
('180000001', 2, 120, 0),
('180000001', 3, 120, 0),
('180000001', 4, 120, 0),
('180000001', 5, 120, 0),
('180000001', 6, 120, 0),
('180000001', 7, 120, 0),
('180000001', 8, 120, 0),
('180000001', 9, 120, 0),
('180000001', 10, 120, 0),
('180000001', 11, 120, 0),
('180000001', 15, 120, 0),
('180000001', 16, 120, 0),
('180000001', 17, 120, 0),
('180000001', 18, 120, 0),
('180000001', 19, 120, 0),
('180000001', 20, 120, 0),
('180000001', 21, 120, 0),
('180000001', 22, 120, 0),
('180000001', 23, 120, 0),
('180000001', 24, 120, 0),
('180000001', 25, 120, 0),
('180000002', 1, 120, 0),
('180000002', 2, 120, 0),
('180000002', 3, 120, 0),
('180000002', 4, 120, 0),
('180000002', 5, 120, 0),
('180000002', 6, 120, 0),
('180000002', 7, 120, 0),
('180000002', 8, 120, 0),
('180000002', 9, 120, 0),
('180000002', 10, 120, 0),
('180000002', 11, 120, 0),
('180000002', 15, 120, 0),
('180000002', 16, 120, 0),
('180000002', 17, 120, 0),
('180000002', 18, 120, 0),
('180000002', 19, 120, 0),
('180000002', 20, 120, 0),
('180000002', 21, 120, 0),
('180000002', 22, 120, 0),
('180000002', 23, 120, 0),
('180000002', 24, 120, 0),
('180000002', 25, 120, 0),
('180000003', 1, 120, 0),
('180000003', 2, 120, 0),
('180000003', 3, 120, 0),
('180000003', 4, 120, 0),
('180000003', 5, 120, 0),
('180000003', 6, 120, 0),
('180000003', 7, 120, 0),
('180000003', 8, 120, 0),
('180000003', 9, 120, 0),
('180000003', 10, 120, 0),
('180000003', 11, 120, 0),
('180000003', 15, 0, 120),
('180000003', 16, 0, 120),
('180000003', 17, 98, 22),
('180000003', 18, 99, 21),
('180000003', 19, 0, 120),
('180000003', 20, 114, 6),
('180000003', 21, 0, 120),
('180000003', 22, 93, 27),
('180000003', 23, 111, 9),
('180000003', 24, 0, 120),
('180000003', 25, 0, 120),
('180000004', 1, 120, 0),
('180000004', 2, 120, 0),
('180000004', 3, 120, 0),
('180000004', 4, 120, 0),
('180000004', 5, 120, 0),
('180000004', 6, 120, 0),
('180000004', 7, 120, 0),
('180000004', 8, 120, 0),
('180000004', 9, 120, 0),
('180000004', 10, 120, 0),
('180000004', 11, 120, 0),
('180000004', 15, 120, 0),
('180000004', 16, 120, 0),
('180000004', 17, 120, 0),
('180000004', 18, 120, 0),
('180000004', 19, 120, 0),
('180000004', 20, 120, 0),
('180000004', 21, 120, 0),
('180000004', 22, 120, 0),
('180000004', 23, 120, 0),
('180000004', 24, 120, 0),
('180000004', 25, 120, 0),
('180000005', 1, 120, 0),
('180000005', 2, 120, 0),
('180000005', 3, 120, 0),
('180000005', 4, 120, 0),
('180000005', 5, 120, 0),
('180000005', 6, 120, 0),
('180000005', 7, 120, 0),
('180000005', 8, 120, 0),
('180000005', 9, 120, 0),
('180000005', 10, 120, 0),
('180000005', 11, 120, 0),
('180000005', 15, 120, 0),
('180000005', 16, 120, 0),
('180000005', 17, 120, 0),
('180000005', 18, 120, 0),
('180000005', 19, 120, 0),
('180000005', 20, 120, 0),
('180000005', 21, 120, 0),
('180000005', 22, 120, 0),
('180000005', 23, 120, 0),
('180000005', 24, 120, 0),
('180000005', 25, 120, 0),
('180000006', 1, 120, 0),
('180000006', 2, 120, 0),
('180000006', 3, 120, 0),
('180000006', 4, 120, 0),
('180000006', 5, 120, 0),
('180000006', 6, 120, 0),
('180000006', 7, 120, 0),
('180000006', 8, 120, 0),
('180000006', 9, 120, 0),
('180000006', 10, 120, 0),
('180000006', 11, 120, 0),
('180000006', 15, 120, 0),
('180000006', 16, 120, 0),
('180000006', 17, 120, 0),
('180000006', 18, 120, 0),
('180000006', 19, 120, 0),
('180000006', 20, 120, 0),
('180000006', 21, 120, 0),
('180000006', 22, 120, 0),
('180000006', 23, 120, 0),
('180000006', 24, 120, 0),
('180000006', 25, 120, 0),
('180000007', 1, 120, 0),
('180000007', 2, 0, 120),
('180000007', 3, 0, 120),
('180000007', 4, 0, 120),
('180000007', 5, 0, 120),
('180000007', 6, 0, 120),
('180000007', 7, 36, 84),
('180000007', 8, 0, 120),
('180000007', 9, 0, 120),
('180000007', 10, 0, 120),
('180000007', 11, 0, 120),
('180000007', 15, 120, 0),
('180000007', 16, 120, 0),
('180000007', 17, 120, 0),
('180000007', 18, 120, 0),
('180000007', 19, 120, 0),
('180000007', 20, 120, 0),
('180000007', 21, 120, 0),
('180000007', 22, 120, 0),
('180000007', 23, 120, 0),
('180000007', 24, 120, 0),
('180000007', 25, 120, 0),
('180000008', 1, 120, 0),
('180000008', 2, 120, 0),
('180000008', 3, 120, 0),
('180000008', 4, 120, 0),
('180000008', 5, 120, 0),
('180000008', 6, 120, 0),
('180000008', 7, 120, 0),
('180000008', 8, 120, 0),
('180000008', 9, 120, 0),
('180000008', 10, 120, 0),
('180000008', 11, 120, 0),
('180000008', 15, 120, 0),
('180000008', 16, 120, 0),
('180000008', 17, 120, 0),
('180000008', 18, 120, 0),
('180000008', 19, 120, 0),
('180000008', 20, 120, 0),
('180000008', 21, 120, 0),
('180000008', 22, 120, 0),
('180000008', 23, 120, 0),
('180000008', 24, 120, 0),
('180000008', 25, 120, 0),
('180000009', 1, 120, 0),
('180000009', 2, 120, 0),
('180000009', 3, 120, 0),
('180000009', 4, 120, 0),
('180000009', 5, 120, 0),
('180000009', 6, 120, 0),
('180000009', 7, 120, 0),
('180000009', 8, 120, 0),
('180000009', 9, 120, 0),
('180000009', 10, 120, 0),
('180000009', 11, 120, 0),
('180000009', 15, 120, 0),
('180000009', 16, 120, 0),
('180000009', 17, 120, 0),
('180000009', 18, 120, 0),
('180000009', 19, 120, 0),
('180000009', 20, 120, 0),
('180000009', 21, 120, 0),
('180000009', 22, 120, 0),
('180000009', 23, 120, 0),
('180000009', 24, 120, 0),
('180000009', 25, 120, 0),
('180000010', 1, 120, 0),
('180000010', 2, 120, 0),
('180000010', 3, 120, 0),
('180000010', 4, 120, 0),
('180000010', 5, 120, 0),
('180000010', 6, 120, 0),
('180000010', 7, 120, 0),
('180000010', 8, 120, 0),
('180000010', 9, 120, 0),
('180000010', 10, 120, 0),
('180000010', 11, 120, 0),
('180000010', 15, 120, 0),
('180000010', 16, 120, 0),
('180000010', 17, 120, 0),
('180000010', 18, 120, 0),
('180000010', 19, 120, 0),
('180000010', 20, 120, 0),
('180000010', 21, 120, 0),
('180000010', 22, 120, 0),
('180000010', 23, 120, 0),
('180000010', 24, 120, 0),
('180000010', 25, 120, 0),
('180000011', 1, 120, 0),
('180000011', 2, 120, 0),
('180000011', 3, 120, 0),
('180000011', 4, 120, 0),
('180000011', 5, 120, 0),
('180000011', 6, 120, 0),
('180000011', 7, 120, 0),
('180000011', 8, 120, 0),
('180000011', 9, 120, 0),
('180000011', 10, 120, 0),
('180000011', 11, 120, 0),
('180000011', 15, 120, 0),
('180000011', 16, 120, 0),
('180000011', 17, 120, 0),
('180000011', 18, 120, 0),
('180000011', 19, 120, 0),
('180000011', 20, 120, 0),
('180000011', 21, 120, 0),
('180000011', 22, 120, 0),
('180000011', 23, 120, 0),
('180000011', 24, 120, 0),
('180000011', 25, 120, 0),
('180000012', 1, 120, 0),
('180000012', 2, 120, 0),
('180000012', 3, 120, 0),
('180000012', 4, 120, 0),
('180000012', 5, 120, 0),
('180000012', 6, 120, 0),
('180000012', 7, 120, 0),
('180000012', 8, 120, 0),
('180000012', 9, 120, 0),
('180000012', 10, 120, 0),
('180000012', 11, 120, 0),
('180000012', 15, 120, 0),
('180000012', 16, 120, 0),
('180000012', 17, 120, 0),
('180000012', 18, 120, 0),
('180000012', 19, 120, 0),
('180000012', 20, 120, 0),
('180000012', 21, 120, 0),
('180000012', 22, 120, 0),
('180000012', 23, 120, 0),
('180000012', 24, 120, 0),
('180000012', 25, 120, 0),
('180000013', 1, 120, 0),
('180000013', 2, 120, 0),
('180000013', 3, 75, 45),
('180000013', 4, 120, 0),
('180000013', 5, 120, 0),
('180000013', 6, 120, 0),
('180000013', 7, 120, 0),
('180000013', 8, 120, 0),
('180000013', 9, 120, 0),
('180000013', 10, 120, 0),
('180000013', 11, 120, 0),
('180000013', 15, 120, 0),
('180000013', 16, 120, 0),
('180000013', 17, 120, 0),
('180000013', 18, 98, 22),
('180000013', 19, 120, 0),
('180000013', 20, 120, 0),
('180000013', 21, 120, 0),
('180000013', 22, 120, 0),
('180000013', 23, 120, 0),
('180000013', 24, 120, 0),
('180000013', 25, 120, 0),
('180000014', 1, 120, 0),
('180000014', 2, 120, 0),
('180000014', 3, 120, 0),
('180000014', 4, 120, 0),
('180000014', 5, 120, 0),
('180000014', 6, 120, 0),
('180000014', 7, 120, 0),
('180000014', 8, 120, 0),
('180000014', 9, 120, 0),
('180000014', 10, 120, 0),
('180000014', 11, 120, 0),
('180000014', 15, 0, 120),
('180000014', 16, 98, 22),
('180000014', 17, 120, 0),
('180000014', 18, 120, 0),
('180000014', 19, 0, 120),
('180000014', 20, 0, 120),
('180000014', 21, 0, 120),
('180000014', 22, 0, 120),
('180000014', 23, 101, 19),
('180000014', 24, 0, 120),
('180000014', 25, 0, 120),
('180000015', 1, 120, 0),
('180000015', 2, 120, 0),
('180000015', 3, 120, 0),
('180000015', 4, 120, 0),
('180000015', 5, 120, 0),
('180000015', 6, 120, 0),
('180000015', 7, 120, 0),
('180000015', 8, 120, 0),
('180000015', 9, 120, 0),
('180000015', 10, 0, 120),
('180000015', 11, 120, 0),
('180000015', 15, 120, 0),
('180000015', 16, 120, 0),
('180000015', 17, 120, 0),
('180000015', 18, 120, 0),
('180000015', 19, 120, 0),
('180000015', 20, 120, 0),
('180000015', 21, 120, 0),
('180000015', 22, 120, 0),
('180000015', 23, 120, 0),
('180000015', 24, 120, 0),
('180000015', 25, 0, 120),
('180000016', 1, 120, 0),
('180000016', 2, 78, 42),
('180000016', 3, 120, 0),
('180000016', 4, 120, 0),
('180000016', 5, 120, 0),
('180000016', 6, 120, 0),
('180000016', 7, 120, 0),
('180000016', 8, 120, 0),
('180000016', 9, 120, 0),
('180000016', 10, 120, 0),
('180000016', 11, 120, 0),
('180000016', 15, 120, 0),
('180000016', 16, 120, 0),
('180000016', 17, 120, 0),
('180000016', 18, 120, 0),
('180000016', 19, 120, 0),
('180000016', 20, 120, 0),
('180000016', 21, 120, 0),
('180000016', 22, 120, 0),
('180000016', 23, 120, 0),
('180000016', 24, 120, 0),
('180000016', 25, 120, 0),
('180000017', 1, 120, 0),
('180000017', 2, 120, 0),
('180000017', 3, 120, 0),
('180000017', 4, 120, 0),
('180000017', 5, 120, 0),
('180000017', 6, 120, 0),
('180000017', 7, 120, 0),
('180000017', 8, 120, 0),
('180000017', 9, 120, 0),
('180000017', 10, 120, 0),
('180000017', 11, 120, 0),
('180000017', 15, 120, 0),
('180000017', 16, 120, 0),
('180000017', 17, 120, 0),
('180000017', 18, 120, 0),
('180000017', 19, 120, 0),
('180000017', 20, 120, 0),
('180000017', 21, 120, 0),
('180000017', 22, 120, 0),
('180000017', 23, 120, 0),
('180000017', 24, 120, 0),
('180000017', 25, 120, 0),
('180000018', 1, 120, 0),
('180000018', 2, 120, 0),
('180000018', 3, 120, 0),
('180000018', 4, 120, 0),
('180000018', 5, 120, 0),
('180000018', 6, 120, 0),
('180000018', 7, 120, 0),
('180000018', 8, 120, 0),
('180000018', 9, 120, 0),
('180000018', 10, 120, 0),
('180000018', 11, 120, 0),
('180000018', 15, 120, 0),
('180000018', 16, 120, 0),
('180000018', 17, 120, 0),
('180000018', 18, 120, 0),
('180000018', 19, 120, 0),
('180000018', 20, 120, 0),
('180000018', 21, 120, 0),
('180000018', 22, 120, 0),
('180000018', 23, 120, 0),
('180000018', 24, 110, 10),
('180000018', 25, 120, 0),
('180000019', 1, 120, 0),
('180000019', 2, 120, 0),
('180000019', 3, 120, 0),
('180000019', 4, 120, 0),
('180000019', 5, 120, 0),
('180000019', 6, 120, 0),
('180000019', 7, 120, 0),
('180000019', 8, 120, 0),
('180000019', 9, 120, 0),
('180000019', 10, 120, 0),
('180000019', 11, 120, 0),
('180000019', 15, 78, 42),
('180000019', 16, 120, 0),
('180000019', 17, 120, 0),
('180000019', 18, 120, 0),
('180000019', 19, 120, 0),
('180000019', 20, 120, 0),
('180000019', 21, 120, 0),
('180000019', 22, 120, 0),
('180000019', 23, 120, 0),
('180000019', 24, 120, 0),
('180000019', 25, 120, 0),
('180000020', 1, 120, 0),
('180000020', 2, 120, 0),
('180000020', 3, 120, 0),
('180000020', 4, 120, 0),
('180000020', 5, 120, 0),
('180000020', 6, 120, 0),
('180000020', 7, 120, 0),
('180000020', 8, 120, 0),
('180000020', 9, 120, 0),
('180000020', 10, 120, 0),
('180000020', 11, 120, 0),
('180000020', 15, 120, 0),
('180000020', 16, 120, 0),
('180000020', 17, 120, 0),
('180000020', 18, 120, 0),
('180000020', 19, 120, 0),
('180000020', 20, 120, 0),
('180000020', 21, 120, 0),
('180000020', 22, 120, 0),
('180000020', 23, 0, 120),
('180000020', 24, 120, 0),
('180000020', 25, 120, 0),
('180000021', 1, 120, 0),
('180000021', 2, 120, 0),
('180000021', 3, 120, 0),
('180000021', 4, 120, 0),
('180000021', 5, 120, 0),
('180000021', 6, 120, 0),
('180000021', 7, 120, 0),
('180000021', 8, 120, 0),
('180000021', 9, 120, 0),
('180000021', 10, 120, 0),
('180000021', 11, 120, 0),
('180000021', 15, 120, 0),
('180000021', 16, 120, 0),
('180000021', 17, 120, 0),
('180000021', 18, 120, 0),
('180000021', 19, 120, 0),
('180000021', 20, 120, 0),
('180000021', 21, 120, 0),
('180000021', 22, 120, 0),
('180000021', 23, 120, 0),
('180000021', 24, 120, 0),
('180000021', 25, 120, 0),
('180000022', 1, 108, 12),
('180000022', 2, 120, 0),
('180000022', 3, 120, 0),
('180000022', 4, 120, 0),
('180000022', 5, 120, 0),
('180000022', 6, 120, 0),
('180000022', 7, 120, 0),
('180000022', 8, 120, 0),
('180000022', 9, 120, 0),
('180000022', 10, 120, 0),
('180000022', 11, 120, 0),
('180000022', 15, 120, 0),
('180000022', 16, 120, 0),
('180000022', 17, 120, 0),
('180000022', 18, 120, 0),
('180000022', 19, 120, 0),
('180000022', 20, 120, 0),
('180000022', 21, 120, 0),
('180000022', 22, 120, 0),
('180000022', 23, 120, 0),
('180000022', 24, 120, 0),
('180000022', 25, 120, 0),
('180000023', 1, 120, 0),
('180000023', 2, 120, 0),
('180000023', 3, 120, 0),
('180000023', 4, 120, 0),
('180000023', 5, 120, 0),
('180000023', 6, 120, 0),
('180000023', 7, 120, 0),
('180000023', 8, 120, 0),
('180000023', 9, 120, 0),
('180000023', 10, 120, 0),
('180000023', 11, 0, 120),
('180000023', 15, 120, 0),
('180000023', 16, 120, 0),
('180000023', 17, 120, 0),
('180000023', 18, 120, 0),
('180000023', 19, 120, 0),
('180000023', 20, 120, 0),
('180000023', 21, 120, 0),
('180000023', 22, 120, 0),
('180000023', 23, 120, 0),
('180000023', 24, 120, 0),
('180000023', 25, 120, 0),
('180000024', 1, 120, 0),
('180000024', 2, 120, 0),
('180000024', 3, 0, 120),
('180000024', 4, 105, 15),
('180000024', 5, 0, 120),
('180000024', 6, 0, 120),
('180000024', 7, 0, 120),
('180000024', 8, 0, 120),
('180000024', 9, 110, 10),
('180000024', 10, 120, 0),
('180000024', 11, 0, 120),
('180000024', 15, 120, 0),
('180000024', 16, 120, 0),
('180000024', 17, 120, 0),
('180000024', 18, 120, 0),
('180000024', 19, 120, 0),
('180000024', 20, 120, 0),
('180000024', 21, 120, 0),
('180000024', 22, 120, 0),
('180000024', 23, 120, 0),
('180000024', 24, 120, 0),
('180000024', 25, 120, 0),
('180000025', 1, 120, 0),
('180000025', 2, 120, 0),
('180000025', 3, 120, 0),
('180000025', 4, 120, 0),
('180000025', 5, 120, 0),
('180000025', 6, 120, 0),
('180000025', 7, 120, 0),
('180000025', 8, 120, 0),
('180000025', 9, 120, 0),
('180000025', 10, 120, 0),
('180000025', 11, 120, 0),
('180000025', 15, 120, 0),
('180000025', 16, 120, 0),
('180000025', 17, 120, 0),
('180000025', 18, 120, 0),
('180000025', 19, 120, 0),
('180000025', 20, 120, 0),
('180000025', 21, 120, 0),
('180000025', 22, 120, 0),
('180000025', 23, 120, 0),
('180000025', 24, 120, 0),
('180000025', 25, 120, 0),
('180000026', 1, 120, 0),
('180000026', 2, 120, 0),
('180000026', 3, 120, 0),
('180000026', 4, 120, 0),
('180000026', 5, 120, 0),
('180000026', 6, 120, 0),
('180000026', 7, 120, 0),
('180000026', 8, 120, 0),
('180000026', 9, 120, 0),
('180000026', 10, 120, 0),
('180000026', 11, 120, 0),
('180000026', 15, 120, 0),
('180000026', 16, 120, 0),
('180000026', 17, 120, 0),
('180000026', 18, 120, 0),
('180000026', 19, 120, 0),
('180000026', 20, 120, 0),
('180000026', 21, 120, 0),
('180000026', 22, 120, 0),
('180000026', 23, 120, 0),
('180000026', 24, 120, 0),
('180000026', 25, 120, 0),
('180000027', 1, 120, 0),
('180000027', 2, 120, 0),
('180000027', 3, 120, 0),
('180000027', 4, 120, 0),
('180000027', 5, 120, 0),
('180000027', 6, 120, 0),
('180000027', 7, 120, 0),
('180000027', 8, 120, 0),
('180000027', 9, 120, 0),
('180000027', 10, 120, 0),
('180000027', 11, 120, 0),
('180000027', 15, 120, 0),
('180000027', 16, 120, 0),
('180000027', 17, 120, 0),
('180000027', 18, 120, 0),
('180000027', 19, 120, 0),
('180000027', 20, 120, 0),
('180000027', 21, 120, 0),
('180000027', 22, 120, 0),
('180000027', 23, 120, 0),
('180000027', 24, 120, 0),
('180000027', 25, 120, 0),
('180000028', 1, 120, 0),
('180000028', 2, 120, 0),
('180000028', 3, 120, 0),
('180000028', 4, 120, 0),
('180000028', 5, 120, 0),
('180000028', 6, 120, 0),
('180000028', 7, 120, 0),
('180000028', 8, 120, 0),
('180000028', 9, 120, 0),
('180000028', 10, 120, 0),
('180000028', 11, 120, 0),
('180000028', 15, 120, 0),
('180000028', 16, 120, 0),
('180000028', 17, 120, 0),
('180000028', 18, 120, 0),
('180000028', 19, 120, 0),
('180000028', 20, 120, 0),
('180000028', 21, 120, 0),
('180000028', 22, 120, 0),
('180000028', 23, 120, 0),
('180000028', 24, 120, 0),
('180000028', 25, 120, 0),
('180000029', 1, 120, 0),
('180000029', 2, 120, 0),
('180000029', 3, 120, 0),
('180000029', 4, 120, 0),
('180000029', 5, 120, 0),
('180000029', 6, 120, 0),
('180000029', 7, 72, 48),
('180000029', 8, 120, 0),
('180000029', 9, 120, 0),
('180000029', 10, 120, 0),
('180000029', 11, 120, 0),
('180000029', 15, 120, 0),
('180000029', 16, 120, 0),
('180000029', 17, 120, 0),
('180000029', 18, 120, 0),
('180000029', 19, 120, 0),
('180000029', 20, 120, 0),
('180000029', 21, 120, 0),
('180000029', 22, 120, 0),
('180000029', 23, 120, 0),
('180000029', 24, 120, 0),
('180000029', 25, 120, 0),
('180000030', 1, 120, 0),
('180000030', 2, 118, 2),
('180000030', 3, 120, 0),
('180000030', 4, 120, 0),
('180000030', 5, 120, 0),
('180000030', 6, 120, 0),
('180000030', 7, 120, 0),
('180000030', 8, 120, 0),
('180000030', 9, 120, 0),
('180000030', 10, 120, 0),
('180000030', 11, 120, 0),
('180000030', 15, 120, 0),
('180000030', 16, 120, 0),
('180000030', 17, 120, 0),
('180000030', 18, 120, 0),
('180000030', 19, 120, 0),
('180000030', 20, 120, 0),
('180000030', 21, 120, 0),
('180000030', 22, 120, 0),
('180000030', 23, 120, 0),
('180000030', 24, 120, 0),
('180000030', 25, 120, 0);

-- --------------------------------------------------------

--
-- Table structure for table `course`
--

CREATE TABLE `course` (
  `courseId` int(10) NOT NULL,
  `moduleCode` varchar(10) NOT NULL,
  `teacher` varchar(25) NOT NULL,
  `classId` varchar(20) NOT NULL
) ENGINE=InnoDB DEFAULT CHARSET=utf8;

--
-- Dumping data for table `course`
--

INSERT INTO `course` (`courseId`, `moduleCode`, `teacher`, `classId`) VALUES
(1, 'ITE4103', 'jordana', 'IT114105'),
(2, 'ITP4506', 'rania_franks', 'IT114105');

-- --------------------------------------------------------

--
-- Table structure for table `lesson`
--

CREATE TABLE `lesson` (
  `lessonId` int(11) NOT NULL,
  `courseId` int(10) NOT NULL,
  `date` varchar(10) NOT NULL,
  `startTime` varchar(8) NOT NULL,
  `endTime` varchar(8) NOT NULL,
  `duration` double(3,1) NOT NULL
) ENGINE=InnoDB DEFAULT CHARSET=utf8;

--
-- Dumping data for table `lesson`
--

INSERT INTO `lesson` (`lessonId`, `courseId`, `date`, `startTime`, `endTime`, `duration`) VALUES
(1, 1, '2019-10-08', '10:00', '12:00', 2.0),
(2, 1, '2019-10-15', '10:00', '12:00', 2.0),
(3, 1, '2019-10-22', '10:00', '12:00', 2.0),
(4, 1, '2019-10-29', '10:00', '12:00', 2.0),
(5, 1, '2019-11-05', '10:00', '12:00', 2.0),
(6, 1, '2019-11-12', '10:00', '12:00', 2.0),
(7, 1, '2019-11-19', '10:00', '12:00', 2.0),
(8, 1, '2019-11-26', '10:00', '12:00', 2.0),
(9, 1, '2019-12-03', '10:00', '12:00', 2.0),
(10, 1, '2019-12-10', '10:00', '12:00', 2.0),
(11, 1, '2019-12-17', '10:00', '12:00', 2.0),
(13, 1, '2019-12-31', '10:00', '12:00', 2.0),
(14, 1, '2020-01-07', '10:00', '12:00', 2.0),
(15, 2, '2019-10-09', '13:00', '15:00', 2.0),
(16, 2, '2019-10-16', '13:00', '15:00', 2.0),
(17, 2, '2019-10-23', '13:00', '15:00', 2.0),
(18, 2, '2019-10-30', '13:00', '15:00', 2.0),
(19, 2, '2019-11-06', '13:00', '15:00', 2.0),
(20, 2, '2019-11-13', '13:00', '15:00', 2.0),
(21, 2, '2019-11-20', '13:00', '15:00', 2.0),
(22, 2, '2019-11-27', '13:00', '15:00', 2.0),
(23, 2, '2019-12-04', '13:00', '15:00', 2.0),
(24, 2, '2019-12-11', '13:00', '15:00', 2.0),
(25, 2, '2019-12-18', '13:00', '15:00', 2.0),
(27, 2, '2020-01-01', '13:00', '15:00', 2.0),
(28, 2, '2020-01-08', '13:00', '15:00', 2.0);

-- --------------------------------------------------------

--
-- Table structure for table `module`
--

CREATE TABLE `module` (
  `moduleCode` varchar(10) NOT NULL,
  `moduleTitle` varchar(50) NOT NULL,
  `contactHours` double(4,1) NOT NULL
) ENGINE=InnoDB DEFAULT CHARSET=utf8;

--
-- Dumping data for table `module`
--

INSERT INTO `module` (`moduleCode`, `moduleTitle`, `contactHours`) VALUES
('ITE4103', 'IT Professionalism', 26.0),
('ITP4506', 'Human Computer Interaction & GUI Programming', 26.0),
('ITP4507', 'Contemporary Topics in Software Engineering', 26.0),
('ITP4511', 'Enterprise Systems Development', 26.0);

-- --------------------------------------------------------

--
-- Table structure for table `schoolday`
--

CREATE TABLE `schoolday` (
  `id` int(10) NOT NULL,
  `title` varchar(25) NOT NULL,
  `startDate` varchar(10) NOT NULL,
  `endDate` varchar(10) NOT NULL
) ENGINE=InnoDB DEFAULT CHARSET=utf8;

--
-- Dumping data for table `schoolday`
--

INSERT INTO `schoolday` (`id`, `title`, `startDate`, `endDate`) VALUES
(1, 'Christmas', '2019-12-24', '2019-12-27');

-- --------------------------------------------------------

--
-- Table structure for table `student`
--

CREATE TABLE `student` (
  `studentId` varchar(25) NOT NULL,
  `name` varchar(25) NOT NULL,
  `classId` varchar(20) NOT NULL
) ENGINE=InnoDB DEFAULT CHARSET=utf8;

--
-- Dumping data for table `student`
--

INSERT INTO `student` (`studentId`, `name`, `classId`) VALUES
('180000001', 'Sunil Puckett', 'IT114105'),
('180000002', 'Mattie Dean', 'IT114105'),
('180000003', 'Sabiha Singleton', 'IT114105'),
('180000004', 'Anthony Kemp', 'IT114105'),
('180000005', 'Gina Dodd', 'IT114105'),
('180000006', 'Kaiden Estes', 'IT114105'),
('180000007', 'Saara Black', 'IT114105'),
('180000008', 'Malak Read', 'IT114105'),
('180000009', 'Shani Woodard', 'IT114105'),
('180000010', 'Wayne Elliott', 'IT114105'),
('180000011', 'Edith Mathews', 'IT114105'),
('180000012', 'Andrei Mccormack', 'IT114105'),
('180000013', 'Imaad Mason', 'IT114105'),
('180000014', 'Hudson Schwartz', 'IT114105'),
('180000015', 'Emma Childs', 'IT114105'),
('180000016', 'Chantel Bate', 'IT114105'),
('180000017', 'Eliana Cervantes', 'IT114105'),
('180000018', 'Nikki Carter', 'IT114105'),
('180000019', 'Aiden Golden', 'IT114105'),
('180000020', 'Kathy Franklin', 'IT114105'),
('180000021', 'Bill Bartlett', 'IT114105'),
('180000022', 'Krystal Odonnell', 'IT114105'),
('180000023', 'Rylee Currie', 'IT114105'),
('180000024', 'Javan Browne', 'IT114105'),
('180000025', 'Isla Arias', 'IT114105'),
('180000026', 'Brandon-Lee Solis', 'IT114105'),
('180000027', 'Humphrey Mill', 'IT114105'),
('180000028', 'Arian Macgregor', 'IT114105'),
('180000029', 'Kira Lozano', 'IT114105'),
('180000030', 'Janine Spears', 'IT114105'),
('180111111', 'Chan Tai Man', 'IT114118'),
('180222222', 'Chan Siu Man', 'IT114118');

-- --------------------------------------------------------

--
-- Table structure for table `teacher`
--

CREATE TABLE `teacher` (
  `username` varchar(25) NOT NULL,
  `name` varchar(25) NOT NULL
) ENGINE=InnoDB DEFAULT CHARSET=utf8;

--
-- Dumping data for table `teacher`
--

INSERT INTO `teacher` (`username`, `name`) VALUES
('jordana', 'Jordana Maynard'),
('rania_franks', 'Rania Franks'),
('trey_regan', 'Trey Regan'),
('woodrow', 'Woodrow Lester');

-- --------------------------------------------------------

--
-- Table structure for table `user`
--

CREATE TABLE `user` (
  `username` varchar(25) NOT NULL,
  `password` varchar(25) NOT NULL,
  `nickName` varchar(25) NOT NULL,
  `role` varchar(25) NOT NULL
) ENGINE=InnoDB DEFAULT CHARSET=utf8;

--
-- Dumping data for table `user`
--

INSERT INTO `user` (`username`, `password`, `nickName`, `role`) VALUES
('180000001', '180000001', 'Sunil Puckett', 'student'),
('180000002', '180000002', 'Mattie Dean', 'student'),
('180000003', '180000003', 'Sabiha Singleton', 'student'),
('180000004', '180000004', 'Anthony Kemp', 'student'),
('180000005', '180000005', 'Gina Dodd', 'student'),
('180000006', '180000006', 'Kaiden Estes', 'student'),
('180000007', '180000007', 'Saara Black', 'student'),
('180000008', '180000008', 'Malak Read', 'student'),
('180000009', '180000009', 'Shani Woodard', 'student'),
('180000010', '180000010', 'Wayne Elliott', 'student'),
('180000011', '180000011', 'Edith Mathews', 'student'),
('180000012', '180000012', 'Andrei Mccormack', 'student'),
('180000013', '180000013', 'Imaad Mason', 'student'),
('180000014', '180000014', 'Hudson Schwartz', 'student'),
('180000015', '180000015', 'Emma Childs', 'student'),
('180000016', '180000016', 'Chantel Bate', 'student'),
('180000017', '180000017', 'Eliana Cervantes', 'student'),
('180000018', '180000018', 'Nikki Carter', 'student'),
('180000019', '180000019', 'Aiden Golden', 'student'),
('180000020', '180000020', 'Kathy Franklin', 'student'),
('180000021', '180000021', 'Bill Bartlett', 'student'),
('180000022', '180000022', 'Krystal Odonnell', 'student'),
('180000023', '180000023', 'Rylee Currie', 'student'),
('180000024', '180000024', 'Javan Browne', 'student'),
('180000025', '180000025', 'Isla Arias', 'student'),
('180000026', '180000026', 'Brandon-Lee Solis', 'student'),
('180000027', '180000027', 'Humphrey Mill', 'student'),
('180000028', '180000028', 'Arian Macgregor', 'student'),
('180000029', '180000029', 'Kira Lozano', 'student'),
('180000030', '180000030', 'Janine Spears', 'student'),
('180111111', '180111111', 'Chan Tai Man', 'student'),
('180222222', '180222222', 'Chan Siu Man', 'student'),
('admin', 'admin', 'Admin', 'admin'),
('jordana', 'jordana', 'Jordana Maynard', 'teacher'),
('rania_franks', 'rania_franks', 'Rania Franks', 'teacher'),
('trey_regan', 'trey_regan', 'Trey Regan', 'teacher'),
('woodrow', 'woodrow', 'Woodrow Lester', 'teacher');

--
-- Indexes for dumped tables
--

--
-- Indexes for table `attendance`
--
ALTER TABLE `attendance`
  ADD PRIMARY KEY (`studentId`,`lessonId`),
  ADD KEY `attendance_fk1` (`lessonId`);

--
-- Indexes for table `course`
--
ALTER TABLE `course`
  ADD PRIMARY KEY (`courseId`),
  ADD KEY `course_fk1` (`moduleCode`),
  ADD KEY `course_fk2` (`teacher`);

--
-- Indexes for table `lesson`
--
ALTER TABLE `lesson`
  ADD PRIMARY KEY (`lessonId`),
  ADD KEY `lesson_fk` (`courseId`);

--
-- Indexes for table `module`
--
ALTER TABLE `module`
  ADD PRIMARY KEY (`moduleCode`);

--
-- Indexes for table `schoolday`
--
ALTER TABLE `schoolday`
  ADD PRIMARY KEY (`id`);

--
-- Indexes for table `student`
--
ALTER TABLE `student`
  ADD PRIMARY KEY (`studentId`);

--
-- Indexes for table `teacher`
--
ALTER TABLE `teacher`
  ADD PRIMARY KEY (`username`);

--
-- Indexes for table `user`
--
ALTER TABLE `user`
  ADD PRIMARY KEY (`username`);

--
-- AUTO_INCREMENT for dumped tables
--

--
-- AUTO_INCREMENT for table `course`
--
ALTER TABLE `course`
  MODIFY `courseId` int(10) NOT NULL AUTO_INCREMENT, AUTO_INCREMENT=3;

--
-- AUTO_INCREMENT for table `lesson`
--
ALTER TABLE `lesson`
  MODIFY `lessonId` int(11) NOT NULL AUTO_INCREMENT, AUTO_INCREMENT=29;

--
-- AUTO_INCREMENT for table `schoolday`
--
ALTER TABLE `schoolday`
  MODIFY `id` int(10) NOT NULL AUTO_INCREMENT, AUTO_INCREMENT=2;

--
-- Constraints for dumped tables
--

--
-- Constraints for table `attendance`
--
ALTER TABLE `attendance`
  ADD CONSTRAINT `attendance_fk1` FOREIGN KEY (`lessonId`) REFERENCES `lesson` (`lessonId`),
  ADD CONSTRAINT `attendance_fk2` FOREIGN KEY (`studentId`) REFERENCES `student` (`studentId`);

--
-- Constraints for table `course`
--
ALTER TABLE `course`
  ADD CONSTRAINT `course_fk1` FOREIGN KEY (`moduleCode`) REFERENCES `module` (`moduleCode`),
  ADD CONSTRAINT `course_fk2` FOREIGN KEY (`teacher`) REFERENCES `teacher` (`username`);

--
-- Constraints for table `lesson`
--
ALTER TABLE `lesson`
  ADD CONSTRAINT `lesson_fk` FOREIGN KEY (`courseId`) REFERENCES `course` (`courseId`);

--
-- Constraints for table `student`
--
ALTER TABLE `student`
  ADD CONSTRAINT `student_fk` FOREIGN KEY (`studentId`) REFERENCES `user` (`username`);

--
-- Constraints for table `teacher`
--
ALTER TABLE `teacher`
  ADD CONSTRAINT `teacher_fk` FOREIGN KEY (`username`) REFERENCES `user` (`username`);
COMMIT;

/*!40101 SET CHARACTER_SET_CLIENT=@OLD_CHARACTER_SET_CLIENT */;
/*!40101 SET CHARACTER_SET_RESULTS=@OLD_CHARACTER_SET_RESULTS */;
/*!40101 SET COLLATION_CONNECTION=@OLD_COLLATION_CONNECTION */;
